Rk,Player,Age,Team,Pos,G,GS,MP,FG,FGA,FG%,3P,3PA,3P%,2P,2PA,2P%,eFG%,FT,FTA,FT%,ORB,DRB,TRB,AST,STL,BLK,TOV,PF,PTS,Trp-Dbl,Awards
1,De'Aaron Fox,27,SAC,PG,18,18,682,183,363,0.504,38,110,0.345,145,253,0.573,0.556,102,125,0.816,16,70,86,102,30,2,64,48,506,0,
2,Keegan Murray,24,SAC,PF,18,18,665,91,212,0.429,31,105,0.295,60,107,0.561,0.502,24,29,0.828,46,101,147,33,12,12,21,57,237,0,
3,Jayson Tatum,26,BOS,PF,18,18,654,161,357,0.451,72,193,0.373,89,164,0.543,0.552,117,146,0.801,8,140,148,105,25,10,51,47,511,0,
4,James Harden,35,LAC,PG,19,19,650,111,298,0.372,48,150,0.32,63,148,0.426,0.453,119,134,0.888,11,128,139,166,28,16,84,40,389,1,
5,Mikal Bridges,28,NYK,SF,17,17,648,113,244,0.463,33,110,0.3,80,134,0.597,0.531,7,11,0.636,18,46,64,60,18,10,24,22,266,0,
6,Tobias Harris,32,DET,PF,19,19,631,103,232,0.444,26,82,0.317,77,150,0.513,0.5,30,38,0.789,20,116,136,46,14,18,25,41,262,0,
7,Derrick White,30,BOS,SG,18,18,628,115,244,0.471,68,164,0.415,47,80,0.588,0.611,34,40,0.85,22,62,84,80,14,20,27,44,332,0,
8,Ivica Zubac,27,LAC,C,19,19,627,131,218,0.601,0,0,,131,218,0.601,0.601,34,62,0.548,78,157,235,47,12,21,43,44,296,0,
9,Josh Hart,29,NYK,SG,17,17,627,92,152,0.605,22,59,0.373,70,93,0.753,0.678,34,40,0.85,29,118,147,99,19,7,32,40,240,1,
10,Tyrese Haliburton,24,IND,PG,18,18,626,103,263,0.392,51,155,0.329,52,108,0.481,0.489,46,55,0.836,14,47,61,158,24,10,32,34,303,0,
11,Jalen Johnson,23,ATL,SF,17,17,621,132,273,0.484,27,80,0.338,105,193,0.544,0.533,48,65,0.738,33,144,177,87,25,19,55,35,339,1,
12,Cade Cunningham,23,DET,PG,17,17,618,149,340,0.438,38,106,0.358,111,234,0.474,0.494,63,78,0.808,19,104,123,151,15,15,79,43,399,4,
13,OG Anunoby,27,NYK,PF,17,17,618,121,231,0.524,43,102,0.422,78,129,0.605,0.617,39,47,0.83,18,73,91,36,25,12,19,44,324,0,
14,Pascal Siakam,30,IND,PF,18,18,614,142,260,0.546,34,76,0.447,108,184,0.587,0.612,51,64,0.797,32,84,116,71,14,2,26,51,369,0,
15,Trae Young,26,ATL,PG,17,17,612,111,288,0.385,47,141,0.333,64,147,0.435,0.467,103,115,0.896,13,49,62,203,25,3,77,33,372,0,
16,Franz Wagner,23,ORL,SF,19,19,611,165,348,0.474,42,118,0.356,123,230,0.535,0.534,73,87,0.839,18,87,105,107,35,6,40,46,445,0,
17,Kyrie Irving,32,DAL,SG,17,17,602,155,303,0.512,52,109,0.477,103,194,0.531,0.597,56,64,0.875,19,59,78,91,19,4,35,38,418,0,
18,Anthony Edwards,23,MIN,SG,16,16,595,158,335,0.472,78,178,0.438,80,157,0.51,0.588,53,68,0.779,7,76,83,62,18,9,49,37,447,0,
19,Coby White,24,CHI,SG,18,18,592,114,258,0.442,61,159,0.384,53,99,0.535,0.56,54,62,0.871,6,56,62,87,23,5,45,46,343,0,
20,Jalen Brunson,28,NYK,PG,17,17,590,147,308,0.477,44,108,0.407,103,200,0.515,0.549,86,102,0.843,7,41,48,135,10,0,39,38,424,0,
21,Devin Booker,28,PHO,SG,16,16,588,126,288,0.438,41,121,0.339,85,167,0.509,0.509,93,105,0.886,21,38,59,103,16,7,33,35,386,0,
22,Cameron Johnson,28,BRK,PF,18,18,586,111,223,0.498,59,137,0.431,52,86,0.605,0.63,48,53,0.906,12,61,73,52,13,7,13,35,329,0,
23,Domantas Sabonis,28,SAC,C,16,16,584,122,196,0.622,16,40,0.4,106,156,0.679,0.663,60,71,0.845,45,161,206,100,13,8,58,59,320,3,
24,Jakob Poeltl,29,TOR,C,18,18,584,127,217,0.585,0,1,0,127,216,0.588,0.585,38,59,0.644,81,139,220,46,19,24,44,64,292,0,
25,Jerami Grant,30,POR,PF,18,18,582,93,243,0.383,40,115,0.348,53,128,0.414,0.465,63,77,0.818,7,54,61,39,17,19,26,40,289,0,
26,Dennis Schröder,31,BRK,PG,17,17,581,105,230,0.457,46,111,0.414,59,119,0.496,0.557,50,58,0.862,3,50,53,111,21,3,41,43,306,0,
27,Shai Gilgeous-Alexander,26,OKC,SG,17,17,580,172,338,0.509,33,93,0.355,139,245,0.567,0.558,119,136,0.875,14,72,86,111,29,18,48,30,496,0,
28,Michael Porter Jr.,26,DEN,SF,16,16,580,116,236,0.492,44,108,0.407,72,128,0.563,0.585,21,32,0.656,25,91,116,45,13,6,18,38,297,0,
29,Nikola Vučević,34,CHI,C,18,18,578,148,255,0.58,37,80,0.463,111,175,0.634,0.653,36,41,0.878,39,136,175,57,14,18,35,42,369,0,
30,Jalen Green,22,HOU,SG,18,18,578,117,306,0.382,46,150,0.307,71,156,0.455,0.458,57,67,0.851,10,76,86,49,16,5,44,34,337,0,
31,LaMelo Ball,23,CHO,PG,17,17,577,182,414,0.44,77,216,0.356,105,198,0.53,0.533,86,100,0.86,15,72,87,118,20,4,74,70,527,0,
32,Fred VanVleet,30,HOU,PG,17,17,577,89,226,0.394,36,118,0.305,53,108,0.491,0.473,33,42,0.786,10,63,73,104,31,6,20,43,247,0,
33,Jaden Ivey,22,DET,SG,18,18,573,119,266,0.447,32,86,0.372,87,180,0.483,0.508,62,86,0.721,27,57,84,79,17,9,53,51,332,0,
34,Bennedict Mathurin,22,IND,SG,18,13,572,107,218,0.491,29,72,0.403,78,146,0.534,0.557,87,103,0.845,22,101,123,32,14,4,37,45,330,0,
35,Cam Thomas,23,BRK,SG,17,17,568,137,297,0.461,49,126,0.389,88,171,0.515,0.544,97,112,0.866,6,49,55,57,12,1,48,34,420,0,
36,LeBron James,40,LAL,SF,16,16,566,139,272,0.511,38,90,0.422,101,182,0.555,0.581,62,84,0.738,12,118,130,146,12,7,61,21,378,5,
37,Ochai Agbaji,24,TOR,SG,18,16,564,82,160,0.513,30,71,0.423,52,89,0.584,0.606,14,20,0.7,18,61,79,36,21,11,20,49,208,0,
38,Giannis Antetokounmpo,30,MIL,PF,16,16,560,209,344,0.608,3,14,0.214,206,330,0.624,0.612,97,161,0.602,34,157,191,102,9,23,52,46,518,2,
39,Gradey Dick,21,TOR,SG,17,17,560,103,247,0.417,40,117,0.342,63,130,0.485,0.498,62,68,0.912,11,41,52,38,15,5,31,38,308,0,
40,Toumani Camara,24,POR,PF,18,18,559,60,152,0.395,27,75,0.36,33,77,0.429,0.484,15,23,0.652,42,53,95,40,30,7,30,54,162,0,
41,Malik Beasley,28,DET,SG,19,5,558,104,255,0.408,68,180,0.378,36,75,0.48,0.541,19,27,0.704,15,42,57,36,13,1,25,30,295,0,
42,Brook Lopez,36,MIL,C,17,17,558,77,166,0.464,32,93,0.344,45,73,0.616,0.56,23,31,0.742,22,70,92,29,24,39,21,44,209,0,
43,Jalen Williams,23,OKC,SG,17,17,553,150,287,0.523,35,89,0.393,115,198,0.581,0.584,41,49,0.837,17,93,110,88,37,17,39,51,376,0,
44,Christian Braun,23,DEN,SG,16,16,552,95,166,0.572,21,45,0.467,74,121,0.612,0.636,46,58,0.793,20,57,77,30,21,11,21,37,257,0,
45,Julius Randle,30,MIN,PF,16,16,551,117,234,0.5,28,78,0.359,89,156,0.571,0.56,87,110,0.791,31,75,106,67,11,1,45,38,349,0,
46,Austin Reaves,26,LAL,SG,16,16,550,96,216,0.444,44,120,0.367,52,96,0.542,0.546,43,56,0.768,13,44,57,85,18,4,34,37,279,0,
47,DeMar DeRozan,35,SAC,SF,15,15,545,128,252,0.508,10,34,0.294,118,218,0.541,0.528,73,89,0.82,8,54,62,62,22,9,28,23,339,0,
48,Dillon Brooks,29,HOU,SF,18,18,541,83,198,0.419,37,94,0.394,46,104,0.442,0.513,23,28,0.821,23,42,65,23,12,3,14,55,226,0,
49,Brandon Ingram,27,NOP,SF,16,16,539,144,310,0.465,39,107,0.364,105,203,0.517,0.527,39,47,0.83,16,76,92,87,13,10,62,41,366,0,
50,Dyson Daniels,21,ATL,SG,16,16,539,97,215,0.451,20,67,0.299,77,148,0.52,0.498,16,25,0.64,25,50,75,50,50,16,31,43,230,0,
51,Karl-Anthony Towns,29,NYK,C,16,16,535,153,279,0.548,40,85,0.471,113,194,0.582,0.62,75,89,0.843,48,154,202,50,14,11,32,53,421,0,
52,Jarrett Allen,26,CLE,C,18,18,534,108,157,0.688,0,0,,108,157,0.688,0.688,51,68,0.75,45,154,199,33,17,21,18,20,267,0,
53,Alperen Sengun,22,HOU,C,18,18,532,129,269,0.48,8,27,0.296,121,242,0.5,0.494,64,86,0.744,62,128,190,84,19,21,37,50,330,2,
54,Kentavious Caldwell-Pope,31,ORL,SG,18,18,532,41,119,0.345,17,76,0.224,24,43,0.558,0.416,23,24,0.958,7,34,41,35,23,11,13,36,122,0,
55,Donovan Mitchell,28,CLE,SG,17,17,531,149,317,0.47,62,151,0.411,87,166,0.524,0.568,55,66,0.833,9,66,75,63,24,4,33,37,415,0,
56,Rudy Gobert,32,MIN,C,16,16,530,66,102,0.647,0,0,,66,102,0.647,0.647,43,53,0.811,56,121,177,29,7,24,28,45,175,0,
57,Anthony Davis,31,LAL,C,15,15,528,159,286,0.556,13,32,0.406,146,254,0.575,0.579,121,155,0.781,40,127,167,42,20,29,31,29,452,0,
58,Jalen Suggs,23,ORL,PG,18,18,525,90,221,0.407,38,122,0.311,52,99,0.525,0.493,47,51,0.922,11,68,79,65,25,21,48,43,265,0,
59,Ayo Dosunmu,25,CHI,SG,18,5,523,78,170,0.459,20,71,0.282,58,99,0.586,0.518,27,33,0.818,11,58,69,77,7,8,24,43,203,0,
60,Jrue Holiday,34,BOS,PG,17,17,522,73,159,0.459,31,89,0.348,42,70,0.6,0.557,30,33,0.909,15,54,69,66,12,5,26,23,207,0,
61,Davion Mitchell,26,TOR,PG,18,13,521,52,130,0.4,18,61,0.295,34,69,0.493,0.469,16,24,0.667,10,35,45,102,17,4,41,53,138,0,
62,Tyus Jones,28,PHO,PG,16,16,519,70,158,0.443,33,88,0.375,37,70,0.529,0.547,8,10,0.8,13,33,46,110,16,2,17,16,181,0,
63,Evan Mobley,23,CLE,PF,17,17,518,117,208,0.563,11,31,0.355,106,177,0.599,0.589,54,64,0.844,37,115,152,44,15,26,39,36,299,0,
64,Darius Garland,25,CLE,PG,17,17,515,126,258,0.488,50,114,0.439,76,144,0.528,0.585,43,46,0.935,9,32,41,118,20,5,44,41,345,0,
65,Myles Turner,28,IND,C,16,16,515,96,196,0.49,34,81,0.42,62,115,0.539,0.577,37,55,0.673,18,99,117,22,15,30,42,53,263,0,
66,Luka Dončić,25,DAL,PG,14,14,513,138,317,0.435,45,139,0.324,93,178,0.522,0.506,72,92,0.783,8,99,107,107,22,5,46,39,393,0,
67,Caleb Martin,29,PHI,SF,16,15,513,54,131,0.412,14,46,0.304,40,85,0.471,0.466,36,53,0.679,25,54,79,40,17,9,32,30,158,0,
68,RJ Barrett,24,TOR,SG,15,15,511,123,288,0.427,29,89,0.326,94,199,0.472,0.477,67,96,0.698,15,78,93,89,15,4,47,38,342,1,
69,Zach LaVine,29,CHI,SF,15,15,511,124,238,0.521,48,109,0.44,76,129,0.589,0.622,45,55,0.818,3,71,74,59,13,6,46,24,341,0,
70,Jaylen Brown,28,BOS,SF,14,14,510,120,273,0.44,35,105,0.333,85,168,0.506,0.504,75,98,0.765,20,73,93,61,16,6,34,41,350,0,
71,Jabari Smith Jr.,21,HOU,PF,18,18,509,72,172,0.419,27,83,0.325,45,89,0.506,0.497,39,45,0.867,37,82,119,14,6,10,11,39,210,0,
72,Santi Aldama,24,MEM,PF,18,11,502,94,198,0.475,24,81,0.296,70,117,0.598,0.535,17,21,0.81,34,106,140,61,16,8,28,20,229,0,
73,Damian Lillard,34,MIL,PG,14,14,501,109,253,0.431,40,125,0.32,69,128,0.539,0.51,95,104,0.913,9,55,64,103,12,2,38,26,353,0,
74,Norman Powell,31,LAC,SG,15,15,501,121,247,0.49,58,119,0.487,63,128,0.492,0.607,49,60,0.817,4,42,46,35,17,3,32,28,349,0,
75,Luguentz Dort,25,OKC,SG,17,17,501,59,141,0.418,37,92,0.402,22,49,0.449,0.55,24,29,0.828,23,59,82,29,21,13,12,47,179,0,
76,Bam Adebayo,27,MIA,C,14,14,496,86,203,0.424,13,38,0.342,73,165,0.442,0.456,46,65,0.708,42,92,134,56,24,15,22,27,231,0,
77,Harrison Barnes,32,SAS,PF,17,17,496,65,125,0.52,25,57,0.439,40,68,0.588,0.62,41,52,0.788,30,50,80,26,6,4,12,12,196,0,
78,Derrick Jones Jr.,27,LAC,SF,19,19,493,77,153,0.503,26,60,0.433,51,93,0.548,0.588,24,28,0.857,25,42,67,19,25,4,19,43,204,0,
79,Bilal Coulibaly,20,WAS,SF,14,14,493,73,139,0.525,16,46,0.348,57,93,0.613,0.583,38,50,0.76,25,57,82,38,18,11,29,37,200,0,
80,Taurean Prince,30,MIL,SF,17,17,492,53,108,0.491,34,64,0.531,19,44,0.432,0.648,5,7,0.714,14,70,84,33,16,2,21,37,145,0,
81,Payton Pritchard,27,BOS,PG,18,0,491,89,188,0.473,63,148,0.426,26,40,0.65,0.641,26,30,0.867,14,32,46,53,20,1,18,32,267,0,
82,Josh Giddey,22,CHI,PG,18,18,491,82,190,0.432,24,66,0.364,58,124,0.468,0.495,30,44,0.682,25,87,112,118,11,7,41,29,218,0,
83,Julian Champagnie,23,SAS,SF,17,17,490,67,157,0.427,38,111,0.342,29,46,0.63,0.548,15,18,0.833,14,75,89,29,13,11,19,26,187,0,
84,Jaden McDaniels,24,MIN,PF,16,16,490,69,150,0.46,20,63,0.317,49,87,0.563,0.527,16,24,0.667,19,42,61,28,21,14,19,59,174,0,
85,Nikola Jokić,29,DEN,C,13,13,489,142,254,0.559,29,55,0.527,113,199,0.568,0.616,73,87,0.839,56,118,174,142,20,11,50,24,386,7,
86,Chris Paul,39,SAS,PG,17,17,486,63,136,0.463,34,88,0.386,29,48,0.604,0.588,22,22,1,6,59,65,145,22,3,33,32,182,0,
87,Klay Thompson,34,DAL,SF,17,17,485,80,209,0.383,50,136,0.368,30,73,0.411,0.502,15,16,0.938,12,49,61,31,11,7,16,22,225,0,
88,Tyler Herro,25,MIA,SG,14,14,481,115,245,0.469,58,136,0.426,57,109,0.523,0.588,45,52,0.865,4,70,74,72,9,2,35,27,333,0,
89,Grant Williams,26,CHO,PF,16,7,479,54,123,0.439,27,74,0.365,27,49,0.551,0.549,31,37,0.838,18,64,82,37,18,13,28,46,166,0,
90,Draymond Green,34,GSW,PF,17,17,479,46,108,0.426,25,59,0.424,21,49,0.429,0.542,28,47,0.596,15,88,103,100,16,16,36,58,145,0,
91,Kelly Oubre Jr.,29,PHI,SF,16,13,478,79,186,0.425,18,69,0.261,61,117,0.521,0.473,28,36,0.778,25,55,80,22,17,8,23,52,204,0,
92,Anthony Black,21,ORL,PG,19,1,478,57,143,0.399,16,56,0.286,41,87,0.471,0.455,39,52,0.75,11,41,52,83,21,14,44,43,169,0,
93,Keyonte George,21,UTA,PG,15,15,472,74,204,0.363,38,118,0.322,36,86,0.419,0.456,38,48,0.792,8,34,42,86,9,1,44,28,224,0,
94,Jamal Murray,27,DEN,PG,13,13,463,80,199,0.402,28,83,0.337,52,116,0.448,0.472,43,55,0.782,6,51,57,78,16,7,26,23,231,0,
95,Amir Coffey,27,LAC,SG,19,4,462,62,130,0.477,29,68,0.426,33,62,0.532,0.588,30,36,0.833,11,39,50,22,10,1,11,29,183,0,
96,Jaylen Wells,21,MEM,SG,18,13,461,80,176,0.455,34,86,0.395,46,90,0.511,0.551,24,32,0.75,15,42,57,32,6,5,21,28,218,0,
97,Deni Avdija,24,POR,SF,18,10,461,60,158,0.38,18,63,0.286,42,95,0.442,0.437,54,70,0.771,24,86,110,53,18,17,38,34,192,0,
98,Jaren Jackson Jr.,25,MEM,C,16,16,460,130,245,0.531,31,82,0.378,99,163,0.607,0.594,74,92,0.804,22,68,90,20,21,29,37,51,365,0,
99,Scotty Pippen Jr.,24,MEM,PG,18,8,456,80,167,0.479,22,56,0.393,58,111,0.523,0.545,36,47,0.766,13,57,70,105,20,8,38,50,218,1,
100,Amen Thompson,22,HOU,SF,18,1,456,73,132,0.553,5,17,0.294,68,115,0.591,0.572,53,73,0.726,38,82,120,40,19,14,32,42,204,0,
101,Tim Hardaway Jr.,32,DET,SG,16,16,454,53,127,0.417,35,90,0.389,18,37,0.486,0.555,26,30,0.867,3,22,25,29,5,0,9,21,167,0,
102,Zaccharie Risacher,19,ATL,SF,18,16,448,72,188,0.383,21,84,0.25,51,104,0.49,0.439,36,52,0.692,23,45,68,26,16,12,22,42,201,0,
103,John Collins,27,UTA,PF,16,7,447,110,205,0.537,17,46,0.37,93,159,0.585,0.578,47,48,0.979,41,96,137,40,23,12,42,52,284,0,
104,Stephon Castle,20,SAS,PG,17,10,446,65,165,0.394,18,64,0.281,47,101,0.465,0.448,37,51,0.725,12,33,45,61,14,7,29,26,185,0,
105,Anfernee Simons,25,POR,SG,15,15,445,82,219,0.374,32,108,0.296,50,111,0.45,0.447,37,40,0.925,4,30,34,58,12,1,38,26,233,0,
106,Victor Wembanyama,21,SAS,C,14,14,444,117,250,0.468,42,125,0.336,75,125,0.6,0.552,44,51,0.863,30,113,143,46,18,51,50,29,320,0,
107,Brandon Boston Jr.,23,NOP,SG,15,9,444,68,161,0.422,20,62,0.323,48,99,0.485,0.484,28,34,0.824,15,47,62,62,21,4,26,27,184,0,
108,Kevin Huerter,26,SAC,SG,16,15,444,61,145,0.421,27,95,0.284,34,50,0.68,0.514,7,11,0.636,5,54,59,34,18,10,16,42,156,0,
109,Corey Kispert,25,WAS,SF,15,0,439,61,149,0.409,31,95,0.326,30,54,0.556,0.513,18,22,0.818,4,43,47,24,10,1,16,24,171,0,
110,Carlton Carrington,19,WAS,PG,15,12,439,51,124,0.411,22,61,0.361,29,63,0.46,0.5,18,22,0.818,4,58,62,69,18,6,29,44,142,0,
111,Naji Marshall,27,DAL,SF,18,5,438,82,149,0.55,12,42,0.286,70,107,0.654,0.591,28,32,0.875,19,44,63,46,19,2,26,28,204,0,
112,Collin Sexton,26,UTA,SG,16,14,437,87,185,0.47,30,65,0.462,57,120,0.475,0.551,60,68,0.882,11,30,41,49,13,2,40,44,264,0,
113,Jake LaRavia,23,MEM,PF,18,0,437,53,110,0.482,15,39,0.385,38,71,0.535,0.55,31,44,0.705,28,64,92,72,16,14,26,41,152,0,
114,Brandon Miller,22,CHO,SF,13,13,433,91,219,0.416,47,126,0.373,44,93,0.473,0.523,28,30,0.933,10,59,69,49,20,7,36,32,257,0,
115,Patrick Williams,23,CHI,PF,15,15,433,50,133,0.376,28,71,0.394,22,62,0.355,0.481,21,25,0.84,16,59,75,35,15,8,29,21,149,0,
116,Jalen Wilson,24,BRK,PF,18,2,432,57,126,0.452,24,69,0.348,33,57,0.579,0.548,31,36,0.861,22,44,66,32,5,1,17,38,169,0,
117,Cody Martin,29,CHO,SF,17,3,432,54,117,0.462,22,59,0.373,32,58,0.552,0.556,17,24,0.708,20,57,77,35,18,12,16,36,147,0,
118,D'Angelo Russell,28,LAL,PG,16,8,431,63,165,0.382,26,90,0.289,37,75,0.493,0.461,27,29,0.931,5,31,36,80,15,3,27,29,179,0,
119,Javonte Green,31,NOP,SG,18,8,430,42,96,0.438,14,40,0.35,28,56,0.5,0.51,24,28,0.857,17,42,59,14,20,10,9,23,122,0,
120,Kris Dunn,30,LAC,PG,19,8,429,58,119,0.487,22,60,0.367,36,59,0.61,0.58,3,8,0.375,16,57,73,55,25,4,22,53,141,0,
121,Keldon Johnson,25,SAS,SF,16,0,428,74,167,0.443,19,66,0.288,55,101,0.545,0.5,33,43,0.767,18,73,91,29,14,4,12,30,200,0,
122,Cason Wallace,21,OKC,SG,17,8,426,45,111,0.405,13,49,0.265,32,62,0.516,0.464,3,3,1,13,40,53,31,28,9,7,35,106,0,
123,Isaiah Stewart,23,DET,C,19,2,424,51,85,0.6,4,13,0.308,47,72,0.653,0.624,25,29,0.862,49,82,131,40,11,30,25,59,131,0,
124,Jordan Poole,25,WAS,SG,14,14,422,101,220,0.459,47,106,0.443,54,114,0.474,0.566,48,54,0.889,4,28,32,68,26,7,45,50,297,0,
125,Jalen Duren,21,DET,C,17,17,421,62,87,0.713,0,0,,62,87,0.713,0.713,28,50,0.56,59,113,172,43,5,21,30,54,152,0,
126,Andrew Wiggins,29,GSW,SF,15,15,420,91,189,0.481,31,75,0.413,60,114,0.526,0.563,49,64,0.766,26,40,66,35,11,12,13,28,262,0,
127,Donte DiVincenzo,28,MIN,SG,16,1,418,52,146,0.356,38,114,0.333,14,32,0.438,0.486,11,14,0.786,6,44,50,52,22,5,28,30,153,0,
128,Stephen Curry,36,GSW,PG,14,14,416,104,219,0.475,60,135,0.444,44,84,0.524,0.612,46,48,0.958,6,69,75,91,22,8,50,18,314,0,
129,P.J. Washington,26,DAL,PF,13,12,415,57,130,0.438,12,45,0.267,45,85,0.529,0.485,25,32,0.781,26,88,114,23,20,15,17,28,151,0,
130,Peyton Watson,22,DEN,SF,16,9,412,58,123,0.472,15,40,0.375,43,83,0.518,0.533,25,32,0.781,16,40,56,19,12,16,14,35,156,0,
131,Lauri Markkanen,27,UTA,PF,13,13,410,79,166,0.476,37,83,0.446,42,83,0.506,0.587,64,74,0.865,22,63,85,29,8,2,17,24,259,0,
132,Tari Eason,23,HOU,SF,18,0,410,85,167,0.509,18,52,0.346,67,115,0.583,0.563,25,33,0.758,38,77,115,20,39,19,16,45,213,0,
133,Kyshawn George,21,WAS,SG,15,5,410,44,124,0.355,23,82,0.28,21,42,0.5,0.448,19,26,0.731,9,53,62,44,12,12,15,52,130,0,
134,Clint Capela,30,ATL,C,18,18,409,92,147,0.626,0,0,,92,147,0.626,0.626,26,47,0.553,59,90,149,23,9,15,15,35,210,0,
135,Royce O'Neale,31,PHO,SF,16,2,404,54,133,0.406,33,82,0.402,21,51,0.412,0.53,12,17,0.706,23,74,97,36,13,14,15,39,153,0,
136,Buddy Hield,32,GSW,SG,17,1,403,94,205,0.459,58,135,0.43,36,70,0.514,0.6,17,19,0.895,14,48,62,29,13,5,20,35,263,0,
137,Dorian Finney-Smith,31,BRK,PF,14,14,403,54,116,0.466,32,78,0.41,22,38,0.579,0.603,11,18,0.611,27,36,63,25,13,8,15,45,151,0,
138,Yves Missi,20,NOP,C,17,11,402,51,95,0.537,0,0,,51,95,0.537,0.537,26,41,0.634,53,71,124,26,12,19,18,28,128,0,
139,Terance Mann,28,LAC,SG,19,11,401,45,107,0.421,13,40,0.325,32,67,0.478,0.481,13,19,0.684,21,46,67,34,15,4,11,42,116,0,
140,Russell Westbrook,36,DEN,PG,16,3,400,65,165,0.394,23,60,0.383,42,105,0.4,0.464,44,65,0.677,15,54,69,96,23,9,41,41,197,1,
141,Naz Reid,25,MIN,C,16,0,394,79,161,0.491,33,83,0.398,46,78,0.59,0.593,29,32,0.906,13,69,82,26,8,7,19,41,220,0,
142,Ziaire Williams,23,BRK,SF,18,4,392,59,138,0.428,17,59,0.288,42,79,0.532,0.489,30,37,0.811,20,60,80,21,16,7,17,51,165,0,
143,Alex Sarr,19,WAS,C,15,15,392,57,158,0.361,13,65,0.2,44,93,0.473,0.402,23,34,0.676,30,65,95,34,11,30,19,43,150,0,
144,Al Horford,38,BOS,C,14,14,390,51,103,0.495,33,74,0.446,18,29,0.621,0.655,6,6,1,14,62,76,33,12,13,14,21,141,0,
145,Scoot Henderson,20,POR,PG,15,3,389,63,155,0.406,13,46,0.283,50,109,0.459,0.448,31,38,0.816,10,34,44,78,15,1,48,37,170,0,
146,Bobby Portis,29,MIL,PF,16,1,386,89,191,0.466,16,50,0.32,73,141,0.518,0.508,16,22,0.727,29,92,121,21,7,10,21,26,210,0,
147,Gary Trent Jr.,26,MIL,SG,15,7,384,45,111,0.405,31,77,0.403,14,34,0.412,0.545,15,16,0.938,2,26,28,14,13,0,10,35,136,0,
148,Nickeil Alexander-Walker,26,MIN,SG,16,2,384,47,98,0.48,24,54,0.444,23,44,0.523,0.602,15,20,0.75,10,31,41,41,16,5,22,21,133,0,
149,Jared McCain,20,PHI,SG,16,6,383,91,197,0.462,40,100,0.4,51,97,0.526,0.563,44,47,0.936,9,26,35,45,9,0,20,22,266,0,
150,Josh Green,24,CHO,SG,15,14,382,34,78,0.436,22,43,0.512,12,35,0.343,0.577,7,11,0.636,12,26,38,23,8,4,13,42,97,0,
151,Terry Rozier,30,MIA,PG,12,12,381,54,142,0.38,24,72,0.333,30,70,0.429,0.465,23,26,0.885,8,42,50,44,10,5,22,20,155,0,
152,Daniel Gafford,26,DAL,C,18,11,379,95,132,0.72,0,0,,95,132,0.72,0.72,31,46,0.674,54,66,120,21,10,24,15,49,221,0,
153,Onyeka Okongwu,24,ATL,C,16,0,375,65,127,0.512,6,31,0.194,59,96,0.615,0.535,32,41,0.78,35,69,104,24,11,12,14,34,168,0,
154,Jeremiah Robinson-Earl,24,NOP,PF,18,4,375,51,112,0.455,16,47,0.34,35,65,0.538,0.527,20,23,0.87,42,52,94,21,12,1,17,25,138,0,
155,Tristan Da Silva,23,ORL,SF,15,13,374,42,108,0.389,17,55,0.309,25,53,0.472,0.468,11,13,0.846,14,45,59,27,5,3,7,25,112,0,
156,Brandin Podziemski,21,GSW,SG,16,3,373,46,125,0.368,11,57,0.193,35,68,0.515,0.412,12,18,0.667,17,52,69,54,12,5,19,32,115,0,
157,Keon Ellis,25,SAC,SG,17,2,370,39,80,0.488,25,56,0.446,14,24,0.583,0.644,17,22,0.773,13,20,33,16,19,15,15,35,120,0,
158,Dalton Knecht,23,LAL,SF,16,5,369,67,130,0.515,36,80,0.45,31,50,0.62,0.654,14,15,0.933,8,36,44,18,7,0,6,21,184,0,
159,Moritz Wagner,27,ORL,C,19,1,363,89,161,0.553,17,51,0.333,72,110,0.655,0.606,54,70,0.771,25,64,89,24,13,4,33,36,249,0,
160,Aaron Wiggins,26,OKC,SG,17,8,362,62,138,0.449,27,63,0.429,35,75,0.467,0.547,10,13,0.769,21,43,64,29,14,5,15,26,161,0,
161,Rui Hachimura,26,LAL,PF,11,11,362,49,114,0.43,20,40,0.5,29,74,0.392,0.518,19,23,0.826,23,40,63,18,8,5,7,21,137,0,
162,Georges Niang,31,CLE,PF,18,1,359,58,131,0.443,30,87,0.345,28,44,0.636,0.557,4,5,0.8,10,53,63,21,8,4,16,42,150,0,
163,Tyrese Maxey,24,PHI,PG,10,10,354,86,208,0.413,28,95,0.295,58,113,0.513,0.481,44,52,0.846,1,31,32,38,17,4,16,25,244,0,
164,Guerschon Yabusele,29,PHI,PF,16,3,354,54,114,0.474,26,63,0.413,28,51,0.549,0.588,12,19,0.632,28,56,84,28,11,8,20,45,146,0,
165,Trey Lyles,29,SAC,PF,18,2,353,33,91,0.363,22,66,0.333,11,25,0.44,0.484,10,14,0.714,15,56,71,17,10,11,10,25,98,0,
166,Kevin Durant,36,PHO,PF,9,9,349,89,161,0.553,24,56,0.429,65,105,0.619,0.627,46,55,0.836,2,57,59,31,7,13,30,16,248,0,
167,Kevin Porter Jr.,24,LAC,SG,19,0,343,70,167,0.419,8,45,0.178,62,122,0.508,0.443,16,28,0.571,12,50,62,54,13,7,42,24,164,0,
168,Ty Jerome,27,CLE,SG,18,2,342,83,139,0.597,31,57,0.544,52,82,0.634,0.709,29,33,0.879,9,29,38,68,23,1,22,25,226,0,
169,Chris Boucher,32,TOR,PF,18,0,341,74,148,0.5,22,70,0.314,52,78,0.667,0.574,32,43,0.744,24,61,85,10,11,15,11,22,202,0,
170,Jusuf Nurkić,30,PHO,C,14,14,341,40,99,0.404,13,43,0.302,27,56,0.482,0.47,32,49,0.653,27,113,140,17,14,9,36,41,125,0,
171,Jonathan Kuminga,22,GSW,PF,15,3,340,73,164,0.445,15,49,0.306,58,115,0.504,0.491,38,62,0.613,18,46,64,28,15,7,22,25,199,0,
172,Jordan Clarkson,32,UTA,SG,13,2,338,68,174,0.391,22,80,0.275,46,94,0.489,0.454,37,46,0.804,10,40,50,50,11,1,26,19,195,0,
173,Julian Strawther,22,DEN,SG,16,0,338,46,108,0.426,21,54,0.389,25,54,0.463,0.523,23,29,0.793,5,31,36,20,14,6,14,44,136,0,
174,Obi Toppin,26,IND,PF,17,0,337,65,122,0.533,16,54,0.296,49,68,0.721,0.598,13,15,0.867,14,37,51,28,10,7,11,20,159,0,
175,Isaiah Joe,25,OKC,SG,15,7,332,47,118,0.398,35,96,0.365,12,22,0.545,0.547,6,8,0.75,11,34,45,25,10,4,5,29,135,0,
176,Isaac Okoro,24,CLE,SG,16,9,332,36,69,0.522,18,38,0.474,18,31,0.581,0.652,8,14,0.571,13,24,37,27,13,6,4,31,98,0,
177,Miles Bridges,26,CHO,PF,11,11,331,62,146,0.425,24,69,0.348,38,77,0.494,0.507,28,33,0.848,8,64,72,33,7,5,15,15,176,0,
178,Mike Conley,37,MIN,PG,13,13,325,30,94,0.319,22,65,0.338,8,29,0.276,0.436,16,19,0.842,8,33,41,62,22,3,15,22,98,0,
179,Nicolas Batum,36,LAC,PF,19,0,323,24,66,0.364,17,49,0.347,7,17,0.412,0.492,6,8,0.75,14,38,52,26,6,10,8,22,71,0,
180,Deandre Ayton,26,POR,C,11,11,322,68,131,0.519,5,13,0.385,63,118,0.534,0.538,5,8,0.625,33,83,116,11,10,5,16,22,146,0,
181,Ben Simmons,28,BRK,PG,13,11,322,33,60,0.55,0,0,,33,60,0.55,0.55,3,4,0.75,15,59,74,84,11,8,36,36,69,0,
182,Moussa Diabaté,23,CHO,PF,17,2,321,26,47,0.553,0,0,,26,47,0.553,0.553,4,11,0.364,58,79,137,10,12,18,16,26,56,0,
183,Sam Hauser,27,BOS,PF,15,0,320,43,104,0.413,30,86,0.349,13,18,0.722,0.558,1,1,1,12,40,52,17,9,4,5,14,117,0,
184,Tre Mann,23,CHO,PG,13,0,319,70,161,0.435,24,60,0.4,46,101,0.455,0.509,19,21,0.905,12,26,38,39,7,4,25,24,183,0,
185,T.J. McConnell,32,IND,PG,17,0,319,79,141,0.56,1,5,0.2,78,136,0.574,0.564,9,13,0.692,8,36,44,70,23,4,25,15,168,0,
186,Nic Claxton,25,BRK,C,13,6,319,49,75,0.653,0,0,,49,75,0.653,0.653,13,28,0.464,24,76,100,34,7,15,12,33,111,0,
187,Miles McBride,24,NYK,PG,12,0,318,49,109,0.45,25,64,0.391,24,45,0.533,0.564,8,10,0.8,6,25,31,31,13,3,12,23,131,0,
188,Caris LeVert,30,CLE,SG,13,0,317,55,103,0.534,22,48,0.458,33,55,0.6,0.641,21,28,0.75,9,29,38,58,13,7,14,18,153,0,
189,Goga Bitadze,25,ORL,C,15,12,317,52,76,0.684,0,7,0,52,69,0.754,0.684,13,17,0.765,37,60,97,24,9,21,21,36,117,0,
190,Jimmy Butler,35,MIA,PF,10,10,316,62,119,0.521,3,14,0.214,59,105,0.562,0.534,65,85,0.765,29,28,57,50,14,4,17,15,192,0,
191,Kyle Lowry,38,PHI,PG,13,10,315,24,63,0.381,17,48,0.354,7,15,0.467,0.516,15,19,0.789,6,23,29,44,16,5,11,24,80,0,
192,Bradley Beal,31,PHO,SG,9,9,313,58,122,0.475,23,60,0.383,35,62,0.565,0.57,21,26,0.808,6,30,36,33,13,8,12,24,160,0,
193,Andre Drummond,31,PHI,C,15,9,313,51,99,0.515,1,5,0.2,50,94,0.532,0.52,24,45,0.533,45,82,127,8,19,8,27,40,127,0,
194,Simone Fontecchio,29,DET,SF,17,0,311,31,84,0.369,20,59,0.339,11,25,0.44,0.488,19,25,0.76,10,41,51,13,4,3,11,22,101,0,
195,Garrison Mathews,28,ATL,SG,16,1,309,42,92,0.457,36,76,0.474,6,16,0.375,0.652,23,26,0.885,3,15,18,26,12,3,7,28,143,0,
196,Dereck Lively II,20,DAL,C,14,7,309,51,73,0.699,0,0,,51,73,0.699,0.699,20,34,0.588,37,61,98,31,8,22,15,43,122,0,
197,A.J. Green,25,MIL,SG,16,2,308,42,85,0.494,38,79,0.481,4,6,0.667,0.718,3,4,0.75,4,30,34,13,10,1,8,23,125,0,
198,Jarace Walker,21,IND,PF,18,1,308,34,85,0.4,17,46,0.37,17,39,0.436,0.5,12,20,0.6,10,55,65,27,22,7,29,28,97,0,
199,Neemias Queta,25,BOS,C,16,5,307,46,72,0.639,0,2,0,46,70,0.657,0.639,17,22,0.773,32,54,86,13,4,16,12,34,109,0,
200,Desmond Bane,26,MEM,SG,11,10,306,62,147,0.422,22,68,0.324,40,79,0.506,0.497,24,31,0.774,10,63,73,38,9,7,24,28,170,0,
201,Trayce Jackson-Davis,24,GSW,C,17,17,300,66,106,0.623,0,1,0,66,105,0.629,0.623,15,26,0.577,27,64,91,37,5,10,15,23,147,0,
202,Spencer Dinwiddie,31,DAL,PG,16,0,299,27,78,0.346,17,53,0.321,10,25,0.4,0.455,21,26,0.808,1,24,25,36,7,4,9,21,92,0,
203,Cody Williams,20,UTA,SG,16,7,299,18,67,0.269,7,37,0.189,11,30,0.367,0.321,6,10,0.6,8,29,37,19,7,5,11,20,49,0,
204,Jonas Valančiūnas,32,WAS,C,15,2,298,71,124,0.573,2,6,0.333,69,118,0.585,0.581,35,37,0.946,37,82,119,33,6,11,26,26,179,0,
205,Quentin Grimes,24,DAL,SG,16,4,295,34,77,0.442,16,42,0.381,18,35,0.514,0.545,12,15,0.8,9,46,55,23,8,3,10,26,96,0,
206,Haywood Highsmith,28,MIA,SF,12,6,293,33,61,0.541,13,31,0.419,20,30,0.667,0.648,7,11,0.636,9,28,37,12,16,7,7,25,86,0,
207,Brandon Clarke,28,MEM,PF,17,8,290,49,89,0.551,1,16,0.063,48,73,0.658,0.556,11,17,0.647,23,50,73,11,14,4,6,30,110,0,
208,Kyle Kuzma,29,WAS,PF,10,10,289,69,161,0.429,15,52,0.288,54,109,0.495,0.475,14,21,0.667,8,50,58,19,3,3,29,22,167,0,
209,Ron Holland,19,DET,SF,19,1,289,40,102,0.392,5,42,0.119,35,60,0.583,0.417,19,22,0.864,11,46,57,9,10,2,15,27,104,0,
210,Donovan Clingan,20,POR,C,17,6,289,40,76,0.526,3,9,0.333,37,67,0.552,0.546,16,22,0.727,54,60,114,5,9,37,17,50,99,0,
211,Shaedon Sharpe,21,POR,SG,10,8,288,61,141,0.433,20,62,0.323,41,79,0.519,0.504,39,48,0.813,9,21,30,19,10,3,20,19,181,0,
212,Moses Moody,22,GSW,SG,17,4,287,51,110,0.464,26,63,0.413,25,47,0.532,0.582,19,26,0.731,8,28,36,17,5,6,15,21,147,0,
213,Dean Wade,28,CLE,PF,13,7,285,24,61,0.393,18,51,0.353,6,10,0.6,0.541,5,12,0.417,8,46,54,20,13,5,4,22,71,0,
214,Jonathan Mogbo,23,TOR,PF,18,1,284,33,68,0.485,3,10,0.3,30,58,0.517,0.507,24,33,0.727,43,35,78,26,15,8,16,38,93,0,
215,Jose Alvarado,26,NOP,PG,11,7,282,40,101,0.396,24,60,0.4,16,41,0.39,0.515,14,17,0.824,6,18,24,49,17,3,14,26,118,0,
216,Ryan Dunn,22,PHO,SF,15,9,282,41,97,0.423,21,63,0.333,20,34,0.588,0.531,1,6,0.167,11,28,39,12,8,7,8,36,104,0,
217,Gary Harris,30,ORL,SG,17,2,282,24,60,0.4,17,46,0.37,7,14,0.5,0.542,4,6,0.667,9,14,23,7,9,5,7,13,69,0,
218,Andre Jackson Jr.,23,MIL,SG,16,8,282,19,49,0.388,10,25,0.4,9,24,0.375,0.49,4,8,0.5,12,33,45,25,12,5,22,39,52,0,
219,Gabe Vincent,28,LAL,PG,16,0,282,19,62,0.306,8,39,0.205,11,23,0.478,0.371,2,4,0.5,4,11,15,9,10,0,8,27,48,0,
220,Zach Edey,22,MEM,C,14,9,281,64,105,0.61,6,10,0.6,58,95,0.611,0.638,22,33,0.667,43,54,97,11,12,14,23,44,156,0,
221,Jordan Hawkins,22,NOP,SG,10,3,280,45,117,0.385,20,60,0.333,25,57,0.439,0.47,28,31,0.903,5,34,39,13,3,4,14,12,138,0,
222,Jonathan Isaac,27,ORL,PF,16,0,278,38,89,0.427,14,48,0.292,24,41,0.585,0.506,14,22,0.636,31,52,83,4,13,22,7,24,104,0,
223,Ajay Mitchell,22,OKC,SG,17,0,277,41,78,0.526,10,20,0.5,31,58,0.534,0.59,9,11,0.818,6,22,28,31,15,1,14,28,101,0,
224,Jamal Shead,22,TOR,PG,18,0,277,35,95,0.368,9,34,0.265,26,61,0.426,0.416,9,12,0.75,2,16,18,56,8,2,26,37,88,0,
225,Malik Monk,26,SAC,SG,11,0,276,50,116,0.431,14,50,0.28,36,66,0.545,0.491,26,32,0.813,0,31,31,31,10,5,9,23,140,0,
226,Sam Merrill,28,CLE,SG,14,1,275,30,76,0.395,25,67,0.373,5,9,0.556,0.559,6,6,1,3,22,25,23,8,2,6,26,91,0,
227,Walker Kessler,23,UTA,C,10,10,273,40,59,0.678,0,0,,40,59,0.678,0.678,14,25,0.56,36,70,106,11,4,28,15,22,94,0,
228,Ben Sheppard,23,IND,SG,13,5,272,28,66,0.424,19,47,0.404,9,19,0.474,0.568,0,0,,5,24,29,17,5,4,5,33,75,0,
229,Jay Huff,26,MEM,C,18,1,269,61,110,0.555,31,68,0.456,30,42,0.714,0.695,19,25,0.76,10,36,46,14,6,27,10,22,172,0,
230,Zach Collins,27,SAS,C,17,3,268,42,85,0.494,11,30,0.367,31,55,0.564,0.559,28,31,0.903,20,45,65,33,9,10,18,42,123,0,
231,Kyle Filipowski,21,UTA,C,14,8,266,39,76,0.513,9,30,0.3,30,46,0.652,0.572,15,29,0.517,13,53,66,30,8,2,14,23,102,0,
232,Chet Holmgren,22,OKC,C,10,10,265,56,111,0.505,14,37,0.378,42,74,0.568,0.568,38,49,0.776,16,71,87,20,8,26,23,18,164,0,
233,Mason Plumlee,34,PHO,C,15,3,264,29,50,0.58,0,0,,29,50,0.58,0.58,16,30,0.533,24,64,88,27,5,6,14,32,74,0,
234,Grayson Allen,29,PHO,SG,12,0,262,38,101,0.376,28,80,0.35,10,21,0.476,0.515,20,26,0.769,6,23,29,12,7,4,16,16,124,0,
235,Duncan Robinson,30,MIA,SF,13,2,261,46,119,0.387,32,86,0.372,14,33,0.424,0.521,6,7,0.857,4,22,26,23,7,3,10,28,130,0,
236,Alex Caruso,30,OKC,SG,13,0,256,26,73,0.356,8,39,0.205,18,34,0.529,0.411,5,7,0.714,9,29,38,28,24,9,9,34,65,0,
237,Jaden Hardy,22,DAL,SG,17,1,255,40,103,0.388,12,46,0.261,28,57,0.491,0.447,17,20,0.85,4,19,23,24,11,1,25,25,109,0,
238,Nikola Jović,21,MIA,PF,14,8,255,39,87,0.448,14,44,0.318,25,43,0.581,0.529,16,20,0.8,8,44,52,18,13,1,8,20,108,0,
239,Tidjane Salaün,19,CHO,PF,15,3,254,17,59,0.288,11,40,0.275,6,19,0.316,0.381,10,15,0.667,11,46,57,15,4,3,12,16,55,0,
240,Lindy Waters III,27,GSW,SG,15,7,253,35,80,0.438,20,52,0.385,15,28,0.536,0.563,3,3,1,7,26,33,20,8,4,4,23,93,0,
241,Dalano Banton,25,POR,PG,16,0,252,53,128,0.414,21,55,0.382,32,73,0.438,0.496,27,41,0.659,4,32,36,40,14,11,26,20,154,0,
242,Max Christie,21,LAL,SG,15,1,249,23,58,0.397,8,27,0.296,15,31,0.484,0.466,15,18,0.833,8,17,25,14,13,6,9,19,69,0,
243,Noah Clowney,20,BRK,PF,15,1,248,37,94,0.394,23,61,0.377,14,33,0.424,0.516,15,21,0.714,14,33,47,10,5,9,11,36,112,0,
244,Dalen Terry,22,CHI,SG,18,0,247,28,60,0.467,8,21,0.381,20,39,0.513,0.533,21,27,0.778,14,15,29,19,13,7,17,24,85,0,
245,Eric Gordon,36,PHI,SG,14,1,247,24,70,0.343,10,40,0.25,14,30,0.467,0.414,17,22,0.773,2,11,13,19,8,5,13,12,75,0,
246,Ja Morant,25,MEM,PG,9,9,246,62,137,0.453,10,34,0.294,52,103,0.505,0.489,53,64,0.828,5,37,42,84,5,3,36,15,187,1,
247,Kyle Anderson,31,GSW,SF,16,0,245,31,81,0.383,8,31,0.258,23,50,0.46,0.432,10,16,0.625,11,41,52,40,15,9,10,18,80,0,
248,Luke Kornet,29,BOS,C,14,2,241,23,35,0.657,0,0,,23,35,0.657,0.657,16,18,0.889,28,29,57,23,8,10,6,20,62,0,
249,Cameron Payne,30,NYK,PG,13,0,237,41,94,0.436,25,57,0.439,16,37,0.432,0.569,5,7,0.714,6,20,26,47,9,4,7,31,112,0,
250,Delon Wright,32,MIL,PG,14,2,235,13,41,0.317,6,27,0.222,7,14,0.5,0.39,3,6,0.5,6,16,22,25,11,6,6,9,35,0,
251,Scottie Barnes,23,TOR,PF,7,7,232,51,114,0.447,8,30,0.267,43,84,0.512,0.482,33,46,0.717,18,37,55,44,13,4,20,15,143,0,
